id;text;date
1;../fake-data/blob/hipster.txt;2025-12-13T18:23:02
2;../fake-data/blob/hipster.txt;2025-12-13T11:14:34
3;../fake-data/blob/hipster.txt;2025-12-12T20:35:50
4;../fake-data/blob/hipster.txt;2025-12-13T16:35:33
5;../fake-data/blob/hipster.txt;2025-12-13T14:35:16
6;../fake-data/blob/hipster.txt;2025-12-13T18:01:18
7;../fake-data/blob/hipster.txt;2025-12-13T19:26:19
8;../fake-data/blob/hipster.txt;2025-12-13T14:27:19
9;../fake-data/blob/hipster.txt;2025-12-13T14:52:34
10;../fake-data/blob/hipster.txt;2025-12-13T19:18:47
