id;title;content;date
1;whether;../fake-data/blob/hipster.txt;2025-12-13T18:38:41
2;furiously;../fake-data/blob/hipster.txt;2025-12-13T14:45:13
3;between;../fake-data/blob/hipster.txt;2025-12-12T22:44:27
4;monthly standard;../fake-data/blob/hipster.txt;2025-12-13T16:08:15
5;programme hmph;../fake-data/blob/hipster.txt;2025-12-13T10:28:21
6;but;../fake-data/blob/hipster.txt;2025-12-13T11:13:56
7;newsletter rebel;../fake-data/blob/hipster.txt;2025-12-13T00:45:01
8;aw oh velocity;../fake-data/blob/hipster.txt;2025-12-13T12:13:47
9;quick-witted stir-fry black-and-white;../fake-data/blob/hipster.txt;2025-12-13T12:50:27
10;oof bug;../fake-data/blob/hipster.txt;2025-12-13T13:05:23
